,ARIMA,TCN,TFT,XGB,XGB_RSearch,Linear_Regression
Training_Accuracy,61.16216651,84.74107092,47.36588388,97.81100512,90.52098682,0.570813238
Testing_Accuracy,-0.260327977,69.1453968,46.55583259,68.08774659,68.72252506,-0.481070829
