,ARIMA,TCN,TFT,XGB,Linear_Regression
Training_Accuracy,61.16216651,84.74107092,56.71568136,97.79348986,0.570813238
Testing_Accuracy,-0.260327977,69.1453968,48.90380778,66.61691499,-0.481070829
